"id","alert_id","incident_id","model_name","description","status","severity","score","created_at","updated_at","cust_name","date_fetch"
2,WB-21541-20251028-00016,IC-21541-20251014-00000,Data Destruction via DD Command - Unix,Overwrites and deletes a file using DD in Unix.,Open,low,27,2025-10-28 19:06:24.000,2025-10-28 19:16:38.000,YPPB,2025-10-29 15:26:49.244
3,WB-21541-20251028-00015,IC-21541-20251014-00000,Data Destruction via DD Command - Unix,Overwrites and deletes a file using DD in Unix.,Open,low,27,2025-10-28 19:05:30.000,2025-10-28 19:16:38.000,YPPB,2025-10-29 15:26:49.244
4,WB-21541-20251028-00014,IC-21541-20251014-00000,Data Destruction via DD Command - Unix,Overwrites and deletes a file using DD in Unix.,Open,low,27,2025-10-28 19:03:56.000,2025-10-28 19:16:38.000,YPPB,2025-10-29 15:26:49.244
5,WB-21541-20251028-00013,IC-21541-20251014-00000,Data Destruction via DD Command - Unix,Overwrites and deletes a file using DD in Unix.,Open,low,27,2025-10-28 18:45:07.000,2025-10-28 19:16:38.000,YPPB,2025-10-29 15:26:49.244
6,WB-21541-20251028-00012,IC-21541-20251014-00000,Data Destruction via DD Command - Unix,Overwrites and deletes a file using DD in Unix.,Open,low,27,2025-10-28 18:44:15.000,2025-10-28 19:16:38.000,YPPB,2025-10-29 15:26:49.244
7,WB-21541-20251028-00011,IC-21541-20251014-00000,Data Destruction via DD Command - Unix,Overwrites and deletes a file using DD in Unix.,Open,low,27,2025-10-28 18:35:54.000,2025-10-28 19:16:38.000,YPPB,2025-10-29 15:26:49.244
8,WB-21541-20251028-00010,IC-21541-20251014-00000,Data Destruction via DD Command - Unix,Overwrites and deletes a file using DD in Unix.,Open,low,27,2025-10-28 18:33:00.000,2025-10-28 19:16:38.000,YPPB,2025-10-29 15:26:49.244
9,WB-21541-20251028-00009,IC-21541-20251014-00000,Data Destruction via DD Command - Unix,Overwrites and deletes a file using DD in Unix.,Open,low,27,2025-10-28 18:32:36.000,2025-10-28 19:16:38.000,YPPB,2025-10-29 15:26:49.244
10,WB-21541-20251028-00008,IC-21541-20251014-00000,Data Destruction via DD Command - Unix,Overwrites and deletes a file using DD in Unix.,Open,low,27,2025-10-28 18:28:33.000,2025-10-28 19:16:38.000,YPPB,2025-10-29 15:26:49.244
1,WB-21541-20251028-00017,IC-21541-20251014-00000,Data Destruction via DD Command - Unix,Overwrites and deletes a file using DD in Unix.,Open,low,27,2025-10-28 19:16:29.000,2025-10-28 19:16:38.000,YPPB,2025-11-13 09:46:39.677
41,WB-21683-20251027-00009,IC-21683-20251023-00000,Suspicious Deletion of Volume Shadow Copy,"Volume shadow copies were deleted, a possible sign of ransomware behavior.",Open,high,62,2025-10-27 20:36:00.000,2025-10-27 20:36:35.000,Felcra,2025-10-29 15:27:49.393
42,WB-21683-20251027-00008,IC-21683-20251023-00000,Suspicious Deletion of Volume Shadow Copy,"Volume shadow copies were deleted, a possible sign of ransomware behavior.",Open,high,62,2025-10-27 17:54:28.000,2025-10-27 20:36:35.000,Felcra,2025-10-29 15:27:49.393
43,WB-21683-20251027-00007,IC-21683-20251023-00000,Suspicious Deletion of Volume Shadow Copy,"Volume shadow copies were deleted, a possible sign of ransomware behavior.",Open,high,62,2025-10-27 15:39:23.000,2025-10-27 20:36:35.000,Felcra,2025-10-29 15:27:49.393
44,WB-21683-20251027-00006,IC-21683-20251023-00000,Suspicious Deletion of Volume Shadow Copy,"Volume shadow copies were deleted, a possible sign of ransomware behavior.",Open,high,62,2025-10-27 15:08:25.000,2025-10-27 20:36:35.000,Felcra,2025-10-29 15:27:49.393
45,WB-21683-20251027-00005,IC-21683-20251023-00000,Suspicious Deletion of Volume Shadow Copy,"Volume shadow copies were deleted, a possible sign of ransomware behavior.",Open,high,62,2025-10-27 14:20:31.000,2025-10-27 20:36:35.000,Felcra,2025-10-29 15:27:49.393
46,WB-21683-20251027-00004,IC-21683-20251023-00000,Suspicious Deletion of Volume Shadow Copy,"Volume shadow copies were deleted, a possible sign of ransomware behavior.",Open,high,62,2025-10-27 13:51:28.000,2025-10-27 20:36:35.000,Felcra,2025-10-29 15:27:49.393
47,WB-21683-20251027-00003,IC-21683-20251023-00000,Suspicious Deletion of Volume Shadow Copy,"Volume shadow copies were deleted, a possible sign of ransomware behavior.",Open,high,62,2025-10-27 13:40:00.000,2025-10-27 20:36:35.000,Felcra,2025-10-29 15:27:49.393
48,WB-21683-20251027-00002,IC-21683-20251023-00000,Suspicious Deletion of Volume Shadow Copy,"Volume shadow copies were deleted, a possible sign of ransomware behavior.",Open,high,62,2025-10-27 13:13:52.000,2025-10-27 20:36:35.000,Felcra,2025-10-29 15:27:49.393
49,WB-21683-20251027-00001,IC-21683-20251023-00000,Suspicious Deletion of Volume Shadow Copy,"Volume shadow copies were deleted, a possible sign of ransomware behavior.",Open,high,62,2025-10-27 12:35:41.000,2025-10-27 20:36:35.000,Felcra,2025-10-29 15:27:49.393
50,WB-21683-20251027-00000,IC-21683-20251023-00000,Suspicious Deletion of Volume Shadow Copy,"Volume shadow copies were deleted, a possible sign of ransomware behavior.",Open,high,62,2025-10-27 11:41:30.000,2025-10-27 20:36:35.000,Felcra,2025-10-29 15:27:49.393
71,WB-21683-20251112-00012,IC-21683-20251107-00000,Suspicious Deletion of Volume Shadow Copy,"Volume shadow copies were deleted, a possible sign of ransomware behavior.",Open,high,62,2025-11-12 17:45:25.000,2025-11-12 17:45:43.000,Felcra,2025-11-13 09:44:49.364
72,WB-21683-20251112-00011,IC-21683-20251107-00000,Suspicious Deletion of Volume Shadow Copy,"Volume shadow copies were deleted, a possible sign of ransomware behavior.",Open,high,62,2025-11-12 15:47:44.000,2025-11-12 17:45:43.000,Felcra,2025-11-13 09:44:49.364
73,WB-21683-20251112-00010,IC-21683-20251107-00000,Suspicious Deletion of Volume Shadow Copy,"Volume shadow copies were deleted, a possible sign of ransomware behavior.",Open,high,62,2025-11-12 14:49:45.000,2025-11-12 17:45:43.000,Felcra,2025-11-13 09:44:49.364
74,WB-21683-20251112-00009,IC-21683-20251107-00000,Suspicious Deletion of Volume Shadow Copy,"Volume shadow copies were deleted, a possible sign of ransomware behavior.",Open,high,62,2025-11-12 13:04:32.000,2025-11-12 17:45:43.000,Felcra,2025-11-13 09:44:49.364
75,WB-21683-20251112-00008,IC-21683-20251107-00000,Suspicious Deletion of Volume Shadow Copy,"Volume shadow copies were deleted, a possible sign of ransomware behavior.",Open,high,62,2025-11-12 12:46:22.000,2025-11-12 17:45:43.000,Felcra,2025-11-13 09:44:49.364
76,WB-21683-20251112-00007,IC-21683-20251107-00000,Suspicious Deletion of Volume Shadow Copy,"Volume shadow copies were deleted, a possible sign of ransomware behavior.",Open,high,62,2025-11-12 12:26:23.000,2025-11-12 17:45:43.000,Felcra,2025-11-13 09:44:49.364
77,WB-21683-20251112-00005,IC-21683-20251107-00000,Suspicious Deletion of Volume Shadow Copy,"Volume shadow copies were deleted, a possible sign of ransomware behavior.",Open,high,62,2025-11-12 12:25:48.000,2025-11-12 17:45:43.000,Felcra,2025-11-13 09:44:49.364
78,WB-21683-20251112-00006,IC-21683-20251107-00000,Suspicious Deletion of Volume Shadow Copy,"Volume shadow copies were deleted, a possible sign of ransomware behavior.",Open,high,62,2025-11-12 12:25:46.000,2025-11-12 17:45:43.000,Felcra,2025-11-13 09:44:49.364
79,WB-21683-20251112-00004,IC-21683-20251107-00000,Suspicious Deletion of Volume Shadow Copy,"Volume shadow copies were deleted, a possible sign of ransomware behavior.",Open,high,62,2025-11-12 12:25:14.000,2025-11-12 17:45:43.000,Felcra,2025-11-13 09:44:49.364
80,WB-21683-20251112-00003,IC-21683-20251107-00000,Suspicious Deletion of Volume Shadow Copy,"Volume shadow copies were deleted, a possible sign of ransomware behavior.",Open,high,62,2025-11-12 12:23:24.000,2025-11-12 17:45:43.000,Felcra,2025-11-13 09:44:49.364
81,WB-21541-20251107-00008,IC-21541-20251107-00000,Data Destruction via DD Command - Unix,Overwrites and deletes a file using DD in Unix.,Open,low,27,2025-11-07 19:07:02.000,2025-11-07 19:07:13.000,YPPB,2025-11-13 09:46:39.677
82,WB-21541-20251107-00006,IC-21541-20251107-00000,Data Destruction via DD Command - Unix,Overwrites and deletes a file using DD in Unix.,Open,low,27,2025-11-07 19:05:10.000,2025-11-07 19:07:13.000,YPPB,2025-11-13 09:46:39.677
83,WB-21541-20251107-00007,IC-21541-20251107-00000,Data Destruction via DD Command - Unix,Overwrites and deletes a file using DD in Unix.,Open,low,27,2025-11-07 19:05:08.000,2025-11-07 19:07:13.000,YPPB,2025-11-13 09:46:39.677
84,WB-21541-20251107-00005,IC-21541-20251107-00000,Data Destruction via DD Command - Unix,Overwrites and deletes a file using DD in Unix.,Open,low,27,2025-11-07 17:13:40.000,2025-11-07 19:07:13.000,YPPB,2025-11-13 09:46:39.677
85,WB-21541-20251107-00004,IC-21541-20251107-00000,Data Destruction via DD Command - Unix,Overwrites and deletes a file using DD in Unix.,Open,low,27,2025-11-07 17:13:07.000,2025-11-07 19:07:13.000,YPPB,2025-11-13 09:46:39.677
86,WB-21541-20251107-00003,IC-21541-20251107-00000,Data Destruction via DD Command - Unix,Overwrites and deletes a file using DD in Unix.,Open,low,27,2025-11-07 17:06:04.000,2025-11-07 19:07:13.000,YPPB,2025-11-13 09:46:39.677
87,WB-21541-20251107-00002,IC-21541-20251107-00000,Data Destruction via DD Command - Unix,Overwrites and deletes a file using DD in Unix.,Open,low,27,2025-11-07 17:05:37.000,2025-11-07 19:07:13.000,YPPB,2025-11-13 09:46:39.677
88,WB-21541-20251107-00001,IC-21541-20251107-00000,Data Destruction via DD Command - Unix,Overwrites and deletes a file using DD in Unix.,Open,low,27,2025-11-07 17:04:53.000,2025-11-07 19:07:13.000,YPPB,2025-11-13 09:46:39.677
89,WB-21541-20251107-00000,IC-21541-20251107-00000,Data Destruction via DD Command - Unix,Overwrites and deletes a file using DD in Unix.,Open,low,27,2025-11-07 17:03:16.000,2025-11-07 19:07:13.000,YPPB,2025-11-13 09:46:39.677
94,WB-21683-20251216-00003,,Suspicious Deletion of Volume Shadow Copy,"Volume shadow copies were deleted, a possible sign of ransomware behavior.",Open,high,62,2025-12-16 14:14:37.000,2025-12-16 14:14:37.000,Felcra,2025-12-16 22:16:01.433
95,WB-21683-20251216-00002,,Suspicious Deletion of Volume Shadow Copy,"Volume shadow copies were deleted, a possible sign of ransomware behavior.",Open,high,62,2025-12-16 14:11:33.000,2025-12-16 14:11:33.000,Felcra,2025-12-16 22:16:01.433
92,WB-21683-20251216-00004,IC-21683-20251205-00000,Suspicious Deletion of Volume Shadow Copy,"Volume shadow copies were deleted, a possible sign of ransomware behavior.",Open,high,62,2025-12-16 14:15:37.000,2025-12-17 00:55:50.000,Felcra,2025-12-17 12:49:18.529
93,WB-21683-20251216-00005,IC-21683-20251205-00000,Suspicious Deletion of Volume Shadow Copy,"Volume shadow copies were deleted, a possible sign of ransomware behavior.",Open,high,62,2025-12-16 14:15:32.000,2025-12-17 00:55:50.000,Felcra,2025-12-17 12:49:18.529
96,WB-21683-20251216-00001,IC-21683-20251216-00000,Possible Disabling of Antivirus Software,An attempt to disable antivirus software was detected.,Closed,medium,40,2025-12-16 01:28:57.000,2025-12-16 09:08:42.000,Felcra,2025-12-16 22:16:01.433
97,WB-21683-20251216-00000,IC-21683-20251216-00000,Possible Disabling of Antivirus Software,An attempt to disable antivirus software was detected.,Open,medium,40,2025-12-16 00:53:51.000,2025-12-16 09:08:42.000,Felcra,2025-12-16 22:16:01.433
98,WB-21683-20251215-00013,IC-21683-20251205-00000,Suspicious Deletion of Volume Shadow Copy,"Volume shadow copies were deleted, a possible sign of ransomware behavior.",Open,high,62,2025-12-15 21:05:23.000,2025-12-16 03:48:47.000,Felcra,2025-12-16 22:16:01.433
99,WB-21683-20251215-00012,IC-21683-20251205-00000,Suspicious Deletion of Volume Shadow Copy,"Volume shadow copies were deleted, a possible sign of ransomware behavior.",Open,high,62,2025-12-15 19:40:47.000,2025-12-16 03:48:47.000,Felcra,2025-12-16 22:16:01.433
100,WB-21683-20251215-00010,IC-21683-20251205-00000,Suspicious Deletion of Volume Shadow Copy,"Volume shadow copies were deleted, a possible sign of ransomware behavior.",Open,high,62,2025-12-15 14:35:18.000,2025-12-16 03:48:47.000,Felcra,2025-12-16 22:16:01.433
101,WB-21541-20251211-00000,IC-21541-20251211-00000,Suspicious Encryption Activity,Detects appending of filename extensions on possible ransomware encrypted files.,Open,medium,39,2025-12-11 07:30:13.000,2025-12-11 10:10:26.000,YPPB,2025-12-16 22:16:37.523
102,WB-21541-20251209-00002,IC-21541-20251209-00000,Possible Disabling of Antivirus Software,An attempt to disable antivirus software was detected.,Open,medium,42,2025-12-09 08:01:54.000,2025-12-09 08:02:01.000,YPPB,2025-12-16 22:16:37.523
103,WB-21541-20251209-00001,IC-21541-20251208-00000,Possible Disabling of Antivirus Software,An attempt to disable antivirus software was detected.,Open,medium,32,2025-12-09 05:13:02.000,2025-12-09 05:13:07.000,YPPB,2025-12-16 22:16:37.523
104,WB-21541-20251209-00000,IC-21541-20251208-00000,Possible Disabling of Antivirus Software,An attempt to disable antivirus software was detected.,Open,medium,32,2025-12-09 03:16:11.000,2025-12-09 05:13:07.000,YPPB,2025-12-16 22:16:37.523
105,WB-21541-20251208-00000,IC-21541-20251208-00000,Possible Disabling of Antivirus Software,An attempt to disable antivirus software was detected.,Open,medium,38,2025-12-08 07:34:09.000,2025-12-09 05:13:07.000,YPPB,2025-12-16 22:16:37.523
106,WB-21541-20251205-00008,IC-21541-20251204-00000,Data Destruction via DD Command - Unix,Overwrites and deletes a file using DD in Unix.,Open,low,27,2025-12-05 17:14:28.000,2025-12-05 17:14:37.000,YPPB,2025-12-16 22:16:37.523
107,WB-21541-20251205-00007,IC-21541-20251204-00000,Data Destruction via DD Command - Unix,Overwrites and deletes a file using DD in Unix.,Open,low,27,2025-12-05 17:06:49.000,2025-12-05 17:14:37.000,YPPB,2025-12-16 22:16:37.523
108,WB-21541-20251205-00006,IC-21541-20251204-00000,Data Destruction via DD Command - Unix,Overwrites and deletes a file using DD in Unix.,Open,low,27,2025-12-05 17:06:45.000,2025-12-05 17:14:37.000,YPPB,2025-12-16 22:16:37.523
109,WB-21541-20251205-00005,IC-21541-20251204-00000,Data Destruction via DD Command - Unix,Overwrites and deletes a file using DD in Unix.,Open,low,27,2025-12-05 17:06:23.000,2025-12-05 17:14:37.000,YPPB,2025-12-16 22:16:37.523
110,WB-21541-20251205-00004,IC-21541-20251204-00000,Data Destruction via DD Command - Unix,Overwrites and deletes a file using DD in Unix.,Open,low,27,2025-12-05 17:05:41.000,2025-12-05 17:14:37.000,YPPB,2025-12-16 22:16:37.523
122,WB-21683-20251216-00012,,Suspicious Deletion of Volume Shadow Copy,"Volume shadow copies were deleted, a possible sign of ransomware behavior.",Open,high,62,2025-12-16 19:20:43.000,2025-12-16 19:20:43.000,Felcra,2025-12-17 12:49:18.529
123,WB-21683-20251216-00010,IC-21683-20251205-00000,Suspicious Deletion of Volume Shadow Copy,"Volume shadow copies were deleted, a possible sign of ransomware behavior.",Open,high,62,2025-12-16 14:30:56.000,2025-12-17 00:55:50.000,Felcra,2025-12-17 12:49:18.529
124,WB-21683-20251216-00011,IC-21683-20251205-00000,Suspicious Deletion of Volume Shadow Copy,"Volume shadow copies were deleted, a possible sign of ransomware behavior.",Open,high,62,2025-12-16 14:30:35.000,2025-12-17 00:55:50.000,Felcra,2025-12-17 12:49:18.529
125,WB-21683-20251216-00009,IC-21683-20251205-00000,Suspicious Deletion of Volume Shadow Copy,"Volume shadow copies were deleted, a possible sign of ransomware behavior.",Open,high,62,2025-12-16 14:25:46.000,2025-12-17 00:55:50.000,Felcra,2025-12-17 12:49:18.529
126,WB-21683-20251216-00008,IC-21683-20251205-00000,Suspicious Deletion of Volume Shadow Copy,"Volume shadow copies were deleted, a possible sign of ransomware behavior.",Open,high,62,2025-12-16 14:17:32.000,2025-12-17 00:55:50.000,Felcra,2025-12-17 12:49:18.529
127,WB-21683-20251216-00006,IC-21683-20251205-00000,Suspicious Deletion of Volume Shadow Copy,"Volume shadow copies were deleted, a possible sign of ransomware behavior.",Open,high,62,2025-12-16 14:16:02.000,2025-12-17 00:55:50.000,Felcra,2025-12-17 12:49:18.529
91,WB-21683-20251216-00007,IC-21683-20251205-00000,Suspicious Deletion of Volume Shadow Copy,"Volume shadow copies were deleted, a possible sign of ransomware behavior.",Open,high,62,2025-12-16 14:15:54.000,2025-12-17 00:55:50.000,Felcra,2025-12-17 12:49:18.529
112,WB-21541-20251216-00017,IC-21541-20251204-00000,Data Destruction via DD Command - Unix,Overwrites and deletes a file using DD in Unix.,Open,low,27,2025-12-16 19:38:28.000,2025-12-17 09:33:08.000,YPPB,2025-12-22 17:05:08.583
114,WB-21541-20251216-00015,IC-21541-20251204-00000,Data Destruction via DD Command - Unix,Overwrites and deletes a file using DD in Unix.,Open,low,27,2025-12-16 19:37:12.000,2025-12-17 09:33:08.000,YPPB,2025-12-22 17:05:08.583
115,WB-21541-20251216-00014,IC-21541-20251204-00000,Data Destruction via DD Command - Unix,Overwrites and deletes a file using DD in Unix.,Open,low,27,2025-12-16 19:34:28.000,2025-12-17 09:33:08.000,YPPB,2025-12-22 17:05:08.583
116,WB-21541-20251216-00013,IC-21541-20251204-00000,Data Destruction via DD Command - Unix,Overwrites and deletes a file using DD in Unix.,Open,low,27,2025-12-16 19:34:06.000,2025-12-17 09:33:08.000,YPPB,2025-12-22 17:05:08.583
117,WB-21541-20251216-00012,IC-21541-20251204-00000,Data Destruction via DD Command - Unix,Overwrites and deletes a file using DD in Unix.,Open,low,27,2025-12-16 19:33:41.000,2025-12-17 09:33:08.000,YPPB,2025-12-22 17:05:08.583
118,WB-21541-20251216-00011,IC-21541-20251204-00000,Data Destruction via DD Command - Unix,Overwrites and deletes a file using DD in Unix.,Open,low,27,2025-12-16 19:33:30.000,2025-12-17 09:33:08.000,YPPB,2025-12-22 17:05:08.583
119,WB-21541-20251216-00010,IC-21541-20251204-00000,Data Destruction via DD Command - Unix,Overwrites and deletes a file using DD in Unix.,Open,low,27,2025-12-16 19:30:18.000,2025-12-17 09:33:08.000,YPPB,2025-12-22 17:05:08.583
111,WB-21541-20251216-00018,IC-21541-20251204-00000,Data Destruction via DD Command - Unix,Overwrites and deletes a file using DD in Unix.,Open,low,27,2025-12-16 19:47:06.000,2025-12-17 09:33:08.000,YPPB,2025-12-22 17:05:08.583
113,WB-21541-20251216-00016,IC-21541-20251204-00000,Data Destruction via DD Command - Unix,Overwrites and deletes a file using DD in Unix.,Open,low,27,2025-12-16 19:37:48.000,2025-12-17 09:33:08.000,YPPB,2025-12-22 17:05:08.583
121,WB-21683-20251216-00013,,Suspicious Deletion of Volume Shadow Copy,"Volume shadow copies were deleted, a possible sign of ransomware behavior.",Open,high,62,2025-12-16 20:35:10.000,2025-12-16 20:35:10.000,Felcra,2025-12-17 12:49:18.529
171,WB-21683-20251219-00000,,Suspicious Deletion of Volume Shadow Copy,"Volume shadow copies were deleted, a possible sign of ransomware behavior.",Open,high,62,2025-12-19 01:40:34.000,2025-12-19 01:40:34.000,Felcra,2025-12-19 13:11:47.956
172,WB-21683-20251218-00012,,Suspicious Deletion of Volume Shadow Copy,"Volume shadow copies were deleted, a possible sign of ransomware behavior.",Open,high,62,2025-12-18 21:30:50.000,2025-12-18 21:30:50.000,Felcra,2025-12-19 13:11:47.956
173,WB-21683-20251218-00011,,Suspicious Deletion of Volume Shadow Copy,"Volume shadow copies were deleted, a possible sign of ransomware behavior.",Open,high,62,2025-12-18 15:01:17.000,2025-12-18 15:01:17.000,Felcra,2025-12-19 13:11:47.956
174,WB-21683-20251218-00010,,Suspicious Deletion of Volume Shadow Copy,"Volume shadow copies were deleted, a possible sign of ransomware behavior.",Open,high,62,2025-12-18 14:51:23.000,2025-12-18 14:51:23.000,Felcra,2025-12-19 13:11:47.956
175,WB-21683-20251218-00009,,Suspicious Deletion of Volume Shadow Copy,"Volume shadow copies were deleted, a possible sign of ransomware behavior.",Open,high,62,2025-12-18 14:36:02.000,2025-12-18 14:36:02.000,Felcra,2025-12-19 13:11:47.956
176,WB-21683-20251218-00008,,Suspicious Deletion of Volume Shadow Copy,"Volume shadow copies were deleted, a possible sign of ransomware behavior.",Open,high,62,2025-12-18 14:20:37.000,2025-12-18 14:20:37.000,Felcra,2025-12-19 13:11:47.956
177,WB-21683-20251218-00007,,Suspicious Deletion of Volume Shadow Copy,"Volume shadow copies were deleted, a possible sign of ransomware behavior.",Open,high,62,2025-12-18 14:17:43.000,2025-12-18 14:17:43.000,Felcra,2025-12-19 13:11:47.956
178,WB-21683-20251218-00006,,Suspicious Deletion of Volume Shadow Copy,"Volume shadow copies were deleted, a possible sign of ransomware behavior.",Open,high,62,2025-12-18 14:17:36.000,2025-12-18 14:17:36.000,Felcra,2025-12-19 13:11:47.956
179,WB-21683-20251218-00004,,Suspicious Deletion of Volume Shadow Copy,"Volume shadow copies were deleted, a possible sign of ransomware behavior.",Open,high,62,2025-12-18 14:16:35.000,2025-12-18 14:16:35.000,Felcra,2025-12-19 13:11:47.956
180,WB-21683-20251218-00005,,Suspicious Deletion of Volume Shadow Copy,"Volume shadow copies were deleted, a possible sign of ransomware behavior.",Open,high,62,2025-12-18 14:16:16.000,2025-12-18 14:16:16.000,Felcra,2025-12-19 13:11:47.956
191,WB-21683-20251222-00000,IC-21683-20251217-00000,Suspicious Deletion of Volume Shadow Copy,"Volume shadow copies were deleted, a possible sign of ransomware behavior.",Open,high,62,2025-12-22 01:38:40.000,2025-12-22 01:39:22.000,Felcra,2025-12-22 17:04:56.009
192,WB-21683-20251221-00013,IC-21683-20251217-00000,Suspicious Deletion of Volume Shadow Copy,"Volume shadow copies were deleted, a possible sign of ransomware behavior.",Open,high,62,2025-12-21 21:26:20.000,2025-12-22 01:39:22.000,Felcra,2025-12-22 17:04:56.009
193,WB-21683-20251221-00012,IC-21683-20251217-00000,Suspicious Deletion of Volume Shadow Copy,"Volume shadow copies were deleted, a possible sign of ransomware behavior.",Open,high,62,2025-12-21 15:01:40.000,2025-12-22 01:39:22.000,Felcra,2025-12-22 17:04:56.009
194,WB-21683-20251221-00011,IC-21683-20251217-00000,Suspicious Deletion of Volume Shadow Copy,"Volume shadow copies were deleted, a possible sign of ransomware behavior.",Open,high,62,2025-12-21 14:46:03.000,2025-12-22 01:39:22.000,Felcra,2025-12-22 17:04:56.009
195,WB-21683-20251221-00010,IC-21683-20251217-00000,Suspicious Deletion of Volume Shadow Copy,"Volume shadow copies were deleted, a possible sign of ransomware behavior.",Open,high,62,2025-12-21 14:40:32.000,2025-12-22 01:39:22.000,Felcra,2025-12-22 17:04:56.009
196,WB-21683-20251221-00009,IC-21683-20251217-00000,Suspicious Deletion of Volume Shadow Copy,"Volume shadow copies were deleted, a possible sign of ransomware behavior.",Open,high,62,2025-12-21 14:22:33.000,2025-12-22 01:39:22.000,Felcra,2025-12-22 17:04:56.009
197,WB-21683-20251221-00008,IC-21683-20251217-00000,Suspicious Deletion of Volume Shadow Copy,"Volume shadow copies were deleted, a possible sign of ransomware behavior.",Open,high,62,2025-12-21 14:22:21.000,2025-12-22 01:39:22.000,Felcra,2025-12-22 17:04:56.009
198,WB-21683-20251221-00007,IC-21683-20251217-00000,Suspicious Deletion of Volume Shadow Copy,"Volume shadow copies were deleted, a possible sign of ransomware behavior.",Open,high,62,2025-12-21 14:20:53.000,2025-12-22 01:39:22.000,Felcra,2025-12-22 17:04:56.009
199,WB-21683-20251221-00006,IC-21683-20251217-00000,Suspicious Deletion of Volume Shadow Copy,"Volume shadow copies were deleted, a possible sign of ransomware behavior.",Open,high,62,2025-12-21 14:20:31.000,2025-12-22 01:39:22.000,Felcra,2025-12-22 17:04:56.009
200,WB-21683-20251221-00005,IC-21683-20251217-00000,Suspicious Deletion of Volume Shadow Copy,"Volume shadow copies were deleted, a possible sign of ransomware behavior.",Open,high,62,2025-12-21 14:17:58.000,2025-12-22 01:39:22.000,Felcra,2025-12-22 17:04:56.009
120,WB-21541-20251216-00009,IC-21541-20251204-00000,Data Destruction via DD Command - Unix,Overwrites and deletes a file using DD in Unix.,Open,low,27,2025-12-16 19:28:27.000,2025-12-17 09:33:08.000,YPPB,2025-12-22 17:05:08.583
